Link [category=ORZECHY I PESTKI, link=/dynia-luskana-pestka-dyni, name=Dynia łuskana (pestka dyni)]
Link [category=ORZECHY I PESTKI, link=/dynia-luskana-pestka-dyni-polska, name=Dynia łuskana (pestka dyni) Polska]
Link [category=ORZECHY I PESTKI, link=/dynia-pestka-w-lupinie, name=Dynia pestka w łupinie]
Link [category=ORZECHY I PESTKI, link=/macadamia-w-czekoladzie, name=Macadamia w czekoladzie]
Link [category=ORZECHY I PESTKI, link=/migdaly-blanszowane, name=Migdały blanszowane]
Link [category=ORZECHY I PESTKI, link=/migdaly-kalifornijskie, name=Migdały kalifornijskie]
Link [category=ORZECHY I PESTKI, link=/migdaly-kalifornijskie-non-pareil, name=Migdały kalifornijskie non pareil]
Link [category=ORZECHY I PESTKI, link=/migdaly-kostka, name=Migdały kostka]
Link [category=ORZECHY I PESTKI, link=/migdaly-platki, name=Migdały płatki]
Link [category=ORZECHY I PESTKI, link=/migdaly-slupki, name=Migdały słupki]
Link [category=ORZECHY I PESTKI, link=/migdaly-w-czekoladzie, name=Migdały w czekoladzie]
Link [category=ORZECHY I PESTKI, link=/migdaly-w-karmelu, name=Migdały w karmelu]
Link [category=ORZECHY I PESTKI, link=/orzechy-brazylijskie, name=Orzechy brazylijskie]
Link [category=ORZECHY I PESTKI, link=/orzechy-laskowe-luskane, name=Orzechy laskowe łuskane]
Link [category=ORZECHY I PESTKI, link=/orzechy-laskowe-prazone-blanszowane, name=Orzechy laskowe prażone blanszowane]
Link [category=ORZECHY I PESTKI, link=/orzechy-laskowe-w-karmelu, name=Orzechy laskowe w karmelu]
Link [category=ORZECHY I PESTKI, link=/orzechy-macadamia, name=Orzechy macadamia]
Link [category=ORZECHY I PESTKI, link=/orzechy-nerkowca, name=Orzechy nerkowca]
Link [category=ORZECHY I PESTKI, link=/orzechy-nerkowca-duze, name=Orzechy nerkowca duże]
Link [category=ORZECHY I PESTKI, link=/orzechy-nerkowca-solone, name=Orzechy nerkowca solone]
Link [category=ORZECHY I PESTKI, link=/orzechy-nerkowca-w-karmelu, name=Orzechy nerkowca w karmelu]
Link [category=ORZECHY I PESTKI, link=/orzechy-pecan, name=Orzechy pecan]
Link [category=ORZECHY I PESTKI, link=/orzechy-pecan-w-lupinie, name=Orzechy pecan w łupinie]
Link [category=ORZECHY I PESTKI, link=/orzechy-pinii-cedrowe, name=Orzechy pinii]
Link [category=ORZECHY I PESTKI, link=/orzechy-pinii-cedrowe-4, name=Orzechy pinii/cedrowe]
Link [category=ORZECHY I PESTKI, link=/orzechy-wloskie-luskane, name=Orzechy włoskie łuskane]
Link [category=ORZECHY I PESTKI, link=/orzechy-ziemne-fistaszki, name=Orzechy ziemne (fistaszki)]
Link [category=ORZECHY I PESTKI, link=/orzechy-ziemne-fistaszki-surowe, name=Orzechy ziemne (fistaszki) surowe]
Link [category=ORZECHY I PESTKI, link=/orzechy-ziemne-krojone-2-4-arachidowe, name=Orzechy ziemne krojone 2/4 arachidowe]
Link [category=ORZECHY I PESTKI, link=/orzechy-ziemne-luskane-prazone-duze, name=Orzechy ziemne łuskane prażone duże]
Link [category=ORZECHY I PESTKI, link=/orzechy-ziemne-luskane-surowe, name=Orzechy ziemne łuskane SUROWE]
Link [category=ORZECHY I PESTKI, link=/orzechy-ziemne-solone-arachidowe, name=Orzechy ziemne solone arachidowe]
Link [category=ORZECHY I PESTKI, link=/orzechy-ziemne-solone-w-puszce-150g, name=Orzechy ziemne solone w puszce 150g]
Link [category=ORZECHY I PESTKI, link=/orzechy-ziemne-w-czekoladzie, name=Orzechy ziemne w czekoladzie]
Link [category=ORZECHY I PESTKI, link=/orzechy-ziemne-w-karmelu, name=Orzechy ziemne w karmelu]
Link [category=ORZECHY I PESTKI, link=/orzechy-ziemne-w-papryce-5, name=Orzechy ziemne w papryce]
Link [category=ORZECHY I PESTKI, link=/pestki-moreli-z-turcji, name=Pestki moreli z Turcji]
Link [category=ORZECHY I PESTKI, link=/pistacje-luskane-niesolone-extra, name=Pistacje łuskane niesolone EXTRA]
Link [category=ORZECHY I PESTKI, link=/pistacje-luskane-niesolone-zwykle, name=Pistacje łuskane niesolone zwykłe]
Link [category=ORZECHY I PESTKI, link=/pistacje-prazone-solone, name=Pistacje prażone solone]
Link [category=ORZECHY I PESTKI, link=/pistacje-prazone-solone-xxl-premium, name=Pistacje prażone solone XXL Premium]
Link [category=ORZECHY I PESTKI, link=/slonecznik-czarny-drobny, name=Słonecznik czarny drobny]
Link [category=ORZECHY I PESTKI, link=/slonecznik-czarny-gruby, name=Słonecznik czarny gruby]
Link [category=ORZECHY I PESTKI, link=/slonecznik-luskany, name=Słonecznik łuskany]
Link [category=ORZECHY I PESTKI, link=/slonecznik-luskany-w-karmelu, name=słonecznik łuskany w karmelu]
Link [category=ORZECHY I PESTKI, link=/slonecznik-pasiak, name=Słonecznik pasiak]
Link [category=OWOCE I GRZYBY, link=/ananas-kostka-kandyzowany-mix, name=Ananas kostka kandyzowany mix]
Link [category=OWOCE I GRZYBY, link=/ananas-krazek-plaster-kandyzowany, name=Ananas krążek-plaster kandyzowany]
Link [category=OWOCE I GRZYBY, link=/ananas-pieniazek-kandyzowany-zielony, name=Ananas pieniążek kandyzowany zielony]
Link [category=OWOCE I GRZYBY, link=/ananas-suszony-bez-cukru, name=Ananas suszony bez cukru]
Link [category=OWOCE I GRZYBY, link=/ananasy-platki-kandyzowane-czerwone, name=Ananasy płatki kandyzowane czerwone]
Link [category=OWOCE I GRZYBY, link=/ananasy-platki-kandyzowane-zielone, name=Ananasy płatki kandyzowane zielone]
Link [category=OWOCE I GRZYBY, link=/aronia-suszona, name=Aronia suszona]
Link [category=OWOCE I GRZYBY, link=/banany-suszone-bez-cukru, name=Banany suszone bez cukru]
Link [category=OWOCE I GRZYBY, link=/borowik-suszony-20g, name=Borowik suszony 20g]
Link [category=OWOCE I GRZYBY, link=/borowka-amerykanska-suszona, name=Borówka Amerykańska suszona]
Link [category=OWOCE I GRZYBY, link=/borowka-brusznica, name=Borówka brusznica]
Link [category=OWOCE I GRZYBY, link=/brzoskwinie-suszone, name=Brzoskwinie suszone]
Link [category=OWOCE I GRZYBY, link=/brzoskwinie-suszone-bez-cukru, name=Brzoskwinie suszone bez cukru]
Link [category=OWOCE I GRZYBY, link=/chipsy-bananowe-banany-suszone, name=Chipsy bananowe (banany suszone)]
Link [category=OWOCE I GRZYBY, link=/czarna-jagoda-suszona, name=Czarna jagoda suszona]
Link [category=OWOCE I GRZYBY, link=/czarna-porzeczka-suszona, name=Czarna porzeczka suszona]
Link [category=OWOCE I GRZYBY, link=/czarny-bez-owoce-suszone, name=czarny bez owoce suszone]
Link [category=OWOCE I GRZYBY, link=/czarny-bez-suszone-kwiaty, name=czarny bez suszone kwiaty]
Link [category=OWOCE I GRZYBY, link=/daktyle-suszone, name=Daktyle suszone]
Link [category=OWOCE I GRZYBY, link=/daktyle-suszone-xxl-z-pestka, name=Daktyle suszone XXL z pestką]
Link [category=OWOCE I GRZYBY, link=/daktyle-z-pestka, name=Daktyle z pestką 500 g]
Link [category=OWOCE I GRZYBY, link=/deren, name=Dereń]
Link [category=OWOCE I GRZYBY, link=/figi-suszone, name=Figi suszone]
Link [category=OWOCE I GRZYBY, link=/figi-suszone-200g, name=Figi suszone 200g]
Link [category=OWOCE I GRZYBY, link=/figi-suszone-hiszpanskie, name=Figi suszone hiszpańskie]
Link [category=OWOCE I GRZYBY, link=/figi-suszone-xxl, name=Figi suszone XXL]
Link [category=OWOCE I GRZYBY, link=/glog-owoc-suszony, name=Głóg owoc suszony]
Link [category=OWOCE I GRZYBY, link=/gojnik-suszony-herbata-gorska, name=GOJNIK SUSZONY (HERBATA GÓRSKA)]
Link [category=OWOCE I GRZYBY, link=/gruszki-suszone-plastry-polskie, name=Gruszki suszone plastry - Polskie]
Link [category=OWOCE I GRZYBY, link=/hibiscus-hibiskus-kandyzowany, name=Hibiscus (Hibiskus) kandyzowany]
Link [category=OWOCE I GRZYBY, link=/imbir-kostka-kandyzowany, name=Imbir kostka kandyzowany]
Link [category=OWOCE I GRZYBY, link=/jablka-suszone-jasne, name=Jabłka suszone jasne]
Link [category=OWOCE I GRZYBY, link=/jablko-suszone-bez-skorki-35g, name=Jabłko suszone bez skórki 35g]
Link [category=OWOCE I GRZYBY, link=/jablko-suszone-polskie, name=Jabłko suszone Polskie]
Link [category=OWOCE I GRZYBY, link=/jarzebina-suszona, name=Jarzębina suszona]
Link [category=OWOCE I GRZYBY, link=/kiwi-suszone, name=Kiwi suszone]
Link [category=OWOCE I GRZYBY, link=/kostka-jablkowa-ze-skorka-55g, name=KOSTKA JABŁKOWA ZE SKÓRKĄ 55g]
Link [category=OWOCE I GRZYBY, link=/kumkwat-zlota-pomarancza-kandyzowana, name=KUMKWAT - ZŁOTA POMARAŃCZA - kandyzowana]
Link [category=OWOCE I GRZYBY, link=/maliny-suszone, name=MALINY SUSZONE]
Link [category=OWOCE I GRZYBY, link=/mandarynka-suszona, name=Mandarynka suszona]
Link [category=OWOCE I GRZYBY, link=/mango-suszone-bez-cukru, name=Mango suszone bez cukru]
Link [category=OWOCE I GRZYBY, link=/melon-o-smaku-jablka, name=Melon o smaku jabłka]
Link [category=OWOCE I GRZYBY, link=/melon-o-smaku-truskawek, name=Melon o smaku truskawek]
Link [category=OWOCE I GRZYBY, link=/miechunka-suszona-2, name=Miechunka suszona]
Link [category=OWOCE I GRZYBY, link=/miechunka-suszona-bio, name=Miechunka suszona BIO]
Link [category=OWOCE I GRZYBY, link=/mieszanka-keksowa, name=Mieszanka keksowa]
Link [category=OWOCE I GRZYBY, link=/mieszanka-keksowa-100g, name=Mieszanka keksowa 100g]
Link [category=OWOCE I GRZYBY, link=/morele-1-premium-suszone-3, name=Morele "1" Premium suszone]
Link [category=OWOCE I GRZYBY, link=/morele-naturalnie-suszone, name=Morele naturalnie suszone]
Link [category=OWOCE I GRZYBY, link=/morele-suszone-naturalne-w-czekoladzie, name=MORELE SUSZONE NATURALNE W CZEKOLADZIE]
Link [category=OWOCE I GRZYBY, link=/morwa-biala-suszona, name=Morwa biała suszona]
Link [category=OWOCE I GRZYBY, link=/owoce-goji-suszone, name=Owoce goji suszone]
Link [category=OWOCE I GRZYBY, link=/papaja-kostka-kandyzowana, name=Papaja kostka kandyzowana]
Link [category=OWOCE I GRZYBY, link=/papaja-o-smaku-kantalupy, name=Papaja o smaku kantalupy]
Link [category=OWOCE I GRZYBY, link=/pigwowiec-owoc-suszona-pigwa, name=Pigwowiec owoc (suszona pigwa)]
Link [category=OWOCE I GRZYBY, link=/podgrzybek-suszony-20g, name=Podgrzybek suszony 20g]
Link [category=OWOCE I GRZYBY, link=/pomelo-suszone-kandyzowane, name=Pomelo suszone kandyzowane]
Link [category=OWOCE I GRZYBY, link=/pomidor-plastry-30g, name=Pomidor plastry 30g]
Link [category=OWOCE I GRZYBY, link=/pomidory-igielki-instatnt, name=POMIDORY igiełki instatnt]
Link [category=OWOCE I GRZYBY, link=/pomidory-suszone-slodzone-cherry, name=POMIDORY SUSZONE, SŁODZONE CHERRY]
Link [category=OWOCE I GRZYBY, link=/rodzynki-drobne-ciemne, name=Rodzynki drobne ciemne]
Link [category=OWOCE I GRZYBY, link=/rodzynki-golden-jumbo-xxl-jasne, name=Rodzynki Golden Jumbo XXL jasne]
Link [category=OWOCE I GRZYBY, link=/rodzynki-thompson-jumbo, name=Rodzynki Thompson Jumbo]
Link [category=OWOCE I GRZYBY, link=/skorka-pomaranczowa-100g, name=Skórka pomarańczowa 100g]
Link [category=OWOCE I GRZYBY, link=/sliwki-kalifornijskie-bio-taylor-suszone, name=Śliwki kalifornijskie BIO taylor suszone]
Link [category=OWOCE I GRZYBY, link=/sliwki-kalifornijskie-taylor-suszone, name=Śliwki kalifornijskie taylor suszone]
Link [category=OWOCE I GRZYBY, link=/sliwki-suszone, name=Śliwki suszone]
Link [category=OWOCE I GRZYBY, link=/sliwki-suszone-duze-premium, name=Śliwki suszone duże Premium]
Link [category=OWOCE I GRZYBY, link=/sliwki-w-czekoladzie, name=ŚLIWKI W CZEKOLADZIE]
Link [category=OWOCE I GRZYBY, link=/tarnina, name=Tarnina]
Link [category=OWOCE I GRZYBY, link=/truskawki-suszone-cale-kandyzowane, name=Truskawki suszone całe kandyzowane]
Link [category=OWOCE I GRZYBY, link=/wiorki-kokosowe, name=Wiórki kokosowe]
Link [category=OWOCE I GRZYBY, link=/wisnie-suszone-kandyzowane-100g, name=Wiśnie suszone kandyzowane 100g]
Link [category=OWOCE I GRZYBY, link=/wisnie-suszone-polskie, name=Wiśnie suszone Polskie]
Link [category=OWOCE I GRZYBY, link=/wisnie-suszone-usa, name=Wiśnie suszone USA]
Link [category=OWOCE I GRZYBY, link=/zurawina-cala-nieslodzona-suszona, name=Żurawina cała niesłodzona suszona]
Link [category=OWOCE I GRZYBY, link=/zurawina-cala-suszona, name=Żurawina cała suszona]
Link [category=OWOCE I GRZYBY, link=/zurawina-nieslodzona-suszona-polska, name=Żurawina niesłodzona suszona Polska]
Link [category=OWOCE I GRZYBY, link=/zurawina-suszona, name=Żurawina suszona]
Link [category=ZBOŻA, link=/bezglutenowe-chipsy-naturalne-bio-60g, name=Bezglutenowe chipsy naturalne BIO 60g]
Link [category=ZBOŻA, link=/bezglutenowe-chipsy-pikantne-bio-60g, name=Bezglutenowe chipsy pikantne BIO 60g]
Link [category=ZBOŻA, link=/bezglutenowy-makaron-kukurydziany-bio-spaghetti-200-g, name=Bezglutenowy makaron kukurydziany BIO - spaghetti 200 g]
Link [category=ZBOŻA, link=/bezglutenowy-makaron-kukurydziany-bio-spirelli-trzy-kolory-200-g, name=Bezglutenowy makaron kukurydziany BIO - spirelli trzy kolory 200 g]
Link [category=ZBOŻA, link=/bezglutenowy-makaron-kukurydziany-bio-wstazki-200-g, name=Bezglutenowy makaron kukurydziany BIO - wstążki 200 g]
Link [category=ZBOŻA, link=/dziki-ryz, name=Dziki ryż]
Link [category=ZBOŻA, link=/kasza-bulgur, name=Kasza Bulgur]
Link [category=ZBOŻA, link=/kasza-gryczana-niepalona, name=Kasza gryczana niepalona]
Link [category=ZBOŻA, link=/kasza-gryczana-niepalona-bio, name=Kasza gryczana niepalona BIO]
Link [category=ZBOŻA, link=/kasza-gryczana-palona, name=Kasza gryczana palona]
Link [category=ZBOŻA, link=/kasza-gryczana-prazona-bio, name=Kasza gryczana prażona BIO]
Link [category=ZBOŻA, link=/kasza-jaglana, name=Kasza jaglana]
Link [category=ZBOŻA, link=/kasza-jaglana-bio, name=Kasza jaglana BIO]
Link [category=ZBOŻA, link=/kasza-jeczmienna-bio, name=Kasza jęczmienna BIO]
Link [category=ZBOŻA, link=/kasza-jeczmienna-gruba-perlowa, name=Kasza jęczmienna gruba perłowa]
Link [category=ZBOŻA, link=/kasza-jeczmienna-peczak-i-gatunek, name=Kasza jęczmienna pęczak I gatunek]
Link [category=ZBOŻA, link=/kasza-jeczmienna-srednia-perlowa, name=Kasza jęczmienna średnia perłowa]
Link [category=ZBOŻA, link=/kasza-krakowska, name=Kasza Krakowska]
Link [category=ZBOŻA, link=/kasza-kukurydziana, name=Kasza kukurydziana]
Link [category=ZBOŻA, link=/kasza-kuskus, name=Kasza kuskus]
Link [category=ZBOŻA, link=/kasza-manna, name=Kasza manna]
Link [category=ZBOŻA, link=/kasza-orkiszowa-tbd-3, name=Kasza orkiszowa TBD]
Link [category=ZBOŻA, link=/makaron-blyskawiczny-golden-lotus-500g, name=Makaron błyskawiczny "Golden Lotus" 500g]
Link [category=ZBOŻA, link=/makaron-orkiszowy-bio-250-g-jezyki, name=Makaron orkiszowy BIO 250 g - jeżyki]
Link [category=ZBOŻA, link=/makaron-orkiszowy-bio-250-g-jezyki-kolorowe, name=Makaron orkiszowy BIO 250 g - jeżyki kolorowe]
Link [category=ZBOŻA, link=/makaron-orkiszowy-bio-250-g-lazanki, name=Makaron orkiszowy BIO 250 g - łazanki]
Link [category=ZBOŻA, link=/makaron-orkiszowy-bio-250-g-nitki-luksusowe, name=Makaron orkiszowy BIO 250 g - nitki luksusowe]
Link [category=ZBOŻA, link=/makaron-orkiszowy-bio-250-g-nitki-zlociste, name=Makaron orkiszowy BIO 250 g - nitki złociste]
Link [category=ZBOŻA, link=/makaron-orkiszowy-bio-250-g-swiderki-kolorowe, name=Makaron orkiszowy BIO 250 g - świderki kolorowe]
Link [category=ZBOŻA, link=/makaron-orkiszowy-bio-250-g-wstazki, name=Makaron orkiszowy BIO 250 g - wstążki]
Link [category=ZBOŻA, link=/makaron-orkiszowy-bio-250-g-wstazki-szpinakowe, name=Makaron orkiszowy BIO 250 g - wstążki szpinakowe]
Link [category=ZBOŻA, link=/makaron-orkiszowy-bio-250g-swiderki, name=Makaron orkiszowy BIO 250g - świderki]
Link [category=ZBOŻA, link=/makaron-pelnoziarnisty-orkiszowy-bio-400-g-nitki, name=Makaron pełnoziarnisty orkiszowy BIO 400 g - nitki]
Link [category=ZBOŻA, link=/makaron-pelnoziarnisty-orkiszowy-bio-400-g-spaghetti, name=Makaron pełnoziarnisty orkiszowy BIO 400 g - SPAGHETTI]
Link [category=ZBOŻA, link=/makaron-pelnoziarnisty-orkiszowy-bio-400-g-spirelli, name=Makaron pełnoziarnisty orkiszowy BIO 400 g - spirelli]
Link [category=ZBOŻA, link=/makaron-pelnoziarnisty-orkiszowy-bio-400-g-trzy-kolory, name=Makaron pełnoziarnisty orkiszowy BIO 400 g - trzy kolory]
Link [category=ZBOŻA, link=/makaron-pelnoziarnisty-orkiszowy-bio-400-g-wstazki, name=Makaron pełnoziarnisty orkiszowy BIO 400 g - wstążki]
Link [category=ZBOŻA, link=/makaron-ryzowy-3mm-400g, name=Makaron ryżowy 3mm 400g]
Link [category=ZBOŻA, link=/makaron-ryzowy-czerwony-7mm-500g, name=Makaron ryżowy czerwony 7mm 500g]
Link [category=ZBOŻA, link=/makaron-ryzowy-lami-500g, name=Makaron ryżowy Lami 500g]
Link [category=ZBOŻA, link=/makaron-sojowy-fasolowe-nitki-1-kg, name=Makaron sojowy "fasolowe nitki" 1 kg]
Link [category=ZBOŻA, link=/makaron-sojowy-fasolowe-nitki-100g, name=Makaron sojowy "fasolowe nitki" 100g]
Link [category=ZBOŻA, link=/makaron-z-manioku-500-g, name=Makaron z manioku 500 g]
Link [category=ZBOŻA, link=/maka-grochowa, name=Mąka grochowa]
Link [category=ZBOŻA, link=/maka-gryczana, name=Mąka gryczana]
Link [category=ZBOŻA, link=/maka-gryczana-bio, name=Mąka gryczana BIO]
Link [category=ZBOŻA, link=/maka-jaglana, name=Mąka jaglana]
Link [category=ZBOŻA, link=/maka-jaglana-bio, name=Mąka jaglana BIO]
Link [category=ZBOŻA, link=/maka-jeczmienna, name=Mąka jęczmienna]
Link [category=ZBOŻA, link=/maka-kokosowa, name=Mąka Kokosowa]
Link [category=ZBOŻA, link=/maka-kukurydziana, name=Mąka kukurydziana]
Link [category=ZBOŻA, link=/maka-kukurydziana-bio, name=Mąka kukurydziana BIO]
Link [category=ZBOŻA, link=/maka-migdalowa, name=Mąka migdałowa]
Link [category=ZBOŻA, link=/maka-orkiszowa-biala-tbl-70, name=Mąka orkiszowa biała TBL 70]
Link [category=ZBOŻA, link=/maka-orkiszowa-biala-tbl-70-bio, name=Mąka orkiszowa biała TBL 70 BIO]
Link [category=ZBOŻA, link=/maka-orkiszowa-graham-tgl-180, name=Mąka orkiszowa graham TGL-180]
Link [category=ZBOŻA, link=/maka-orkiszowa-tgl-300, name=Mąka orkiszowa TGL 300]
Link [category=ZBOŻA, link=/maka-orkiszowa-tgl-300-bio, name=Mąka orkiszowa TGL 300 BIO]
Link [category=ZBOŻA, link=/maka-orzechowa-arachidowa, name=Mąka orzechowa arachidowa]
Link [category=ZBOŻA, link=/maka-owsiana, name=Mąka owsiana]
Link [category=ZBOŻA, link=/maka-pszenna-bio, name=Mąka pszenna BIO]
Link [category=ZBOŻA, link=/maka-pszenna-razowa-typ-1850, name=Mąka pszenna razowa TYP 1850]
Link [category=ZBOŻA, link=/maka-pszenna-typ-450, name=Mąka pszenna TYP 450]
Link [category=ZBOŻA, link=/maka-ryzowa, name=Mąka ryżowa]
Link [category=ZBOŻA, link=/semolina-pszenica-durum-2, name=Mąka Semolina z pszenicy durum]
Link [category=ZBOŻA, link=/maka-sojowa, name=Mąka sojowa]
Link [category=ZBOŻA, link=/maka-tempura-do-panierek, name=MĄKA TEMPURA DO PANIEREK]
Link [category=ZBOŻA, link=/maka-z-amarantusa, name=Mąka z amarantusa]
Link [category=ZBOŻA, link=/maka-z-ciecierzycy-1kg, name=Mąka z ciecierzycy 1kg]
Link [category=ZBOŻA, link=/maka-z-ciecierzycy-2kg, name=Mąka z ciecierzycy 2kg]
Link [category=ZBOŻA, link=/maka-z-kasztanow-jadalnych-ekologoczna, name=Mąka z kasztanów jadalnych - ekologoczna]
Link [category=ZBOŻA, link=/maka-z-orzechow-laskowych-blanszowanych, name=Mąka z orzechów laskowych blanszowanych]
Link [category=ZBOŻA, link=/maka-z-pestek-dyni-polska, name=Mąka z pestek dyni ( POLSKA )]
Link [category=ZBOŻA, link=/maka-z-tapioki-tajlandia-400g, name=MĄKA Z TAPIOKI - TAJLANDIA - 400G]
Link [category=ZBOŻA, link=/maka-z-wiesiolka, name=Mąka z wiesiołka]
Link [category=ZBOŻA, link=/maka-zytnia-bio, name=Mąka żytnia BIO]
Link [category=ZBOŻA, link=/maka-zytnia-razowa-typ-1800, name=Mąka żytnia razowa TYP 1800]
Link [category=ZBOŻA, link=/maka-zytnia-typ-502, name=Mąka żytnia typ 500]
Link [category=ZBOŻA, link=/ocet-ryzowy-do-sushi-200ml, name=OCET RYŻOWY do SUSHI 200ml]
Link [category=ZBOŻA, link=/ocet-ryzowy-do-sushi-kenko-750ml-premium, name=Ocet Ryżowy Do Sushi KENKO 750ml Premium]
Link [category=ZBOŻA, link=/otreby-orkiszowe, name=Otręby orkiszowe]
Link [category=ZBOŻA, link=/otreby-orkiszowe-bio, name=Otręby orkiszowe BIO]
Link [category=ZBOŻA, link=/otreby-owsiane, name=Otręby owsiane]
Link [category=ZBOŻA, link=/otreby-owsiane-bio, name=Otręby owsiane BIO]
Link [category=ZBOŻA, link=/otreby-pszenne, name=Otręby pszenne]
Link [category=ZBOŻA, link=/otreby-pszenne-bio, name=Otręby pszenne BIO]
Link [category=ZBOŻA, link=/otreby-zytnie, name=Otręby żytnie]
Link [category=ZBOŻA, link=/otreby-zytnie-bio, name=Otręby żytnie BIO]
Link [category=ZBOŻA, link=/platki-drozdzowe, name=Płatki drożdżowe]
Link [category=ZBOŻA, link=/platki-gryczane-instant, name=Płatki gryczane instant]
Link [category=ZBOŻA, link=/platki-gryczane-zwykle, name=Płatki gryczane zwykłe]
Link [category=ZBOŻA, link=/platki-gryczane-zwykle-bio, name=Płatki gryczane zwykłe BIO]
Link [category=ZBOŻA, link=/platki-jaglane-instant, name=Płatki jaglane instant]
Link [category=ZBOŻA, link=/platki-jaglane-zwykle-2, name=Płatki jaglane zwykłe]
Link [category=ZBOŻA, link=/platki-jaglane-zwykle-bio, name=Płatki jaglane zwykłe BIO]
Link [category=ZBOŻA, link=/platki-jeczmienne, name=Płatki jęczmienne]
Link [category=ZBOŻA, link=/ryz-basmati, name=Ryż basmati]
Link [category=ZBOŻA, link=/ryz-brazowy, name=Ryż brązowy]
Link [category=ZBOŻA, link=/ryz-czarny, name=Ryż czarny]
Link [category=ZBOŻA, link=/ryz-czerwony, name=Ryż czerwony]
Link [category=ZBOŻA, link=/ryz-do-sushi-premium, name=Ryż do sushi PREMIUM]
Link [category=ZBOŻA, link=/ryz-do-sushi-zwykly, name=Ryż do sushi zwykły]
Link [category=ZBOŻA, link=/ryz-jasminowy-tajski, name=Ryż jaśminowy Tajski]
Link [category=ZBOŻA, link=/ryz-paraboliczny, name=Ryż paraboliczny]
Link [category=ZBOŻA, link=/ryz-slodki-2-27kg, name=Ryż słodki 2,27kg]
Link [category=ZBOŻA, link=/semolina-kaszka-z-pszenicy-durum, name=Semolina kaszka z pszenicy durum]
Link [category=STRĄCZKOWE, link=/blonnik-gryczany, name=Błonnik gryczany]
Link [category=STRĄCZKOWE, link=/blonnik-orkiszowy, name=Błonnik orkiszowy]
Link [category=STRĄCZKOWE, link=/cieciorka-groszek-bialy-ciecierzyca, name=Cieciorka groszek biały (Ciecierzyca)]
Link [category=STRĄCZKOWE, link=/dynia-luskana-pestka-dyni, name=Dynia łuskana (pestka dyni)]
Link [category=STRĄCZKOWE, link=/dynia-luskana-pestka-dyni-polska, name=Dynia łuskana (pestka dyni) Polska]
Link [category=STRĄCZKOWE, link=/dynia-pestka-w-lupinie, name=Dynia pestka w łupinie]
Link [category=STRĄCZKOWE, link=/fasola-adzuki, name=Fasola Adzuki]
Link [category=STRĄCZKOWE, link=/fasola-czarna-drobna, name=Fasola czarna drobna]
Link [category=STRĄCZKOWE, link=/fasola-czarna-gruba, name=Fasola czarna gruba]
Link [category=STRĄCZKOWE, link=/fasola-czarne-oczko, name=Fasola czarne oczko]
Link [category=STRĄCZKOWE, link=/fasola-czerwona, name=Fasola czerwona]
Link [category=STRĄCZKOWE, link=/fasola-drobna-aura, name=Fasola drobna Aura]
Link [category=STRĄCZKOWE, link=/fasola-jas-karlowy, name=Fasola Jaś Karłowy]
Link [category=STRĄCZKOWE, link=/fasola-jas-tyczny, name=Fasola Jaś Tyczny]
Link [category=STRĄCZKOWE, link=/fasola-mung, name=Fasola mung]
Link [category=STRĄCZKOWE, link=/fasola-pinto, name=Fasola pinto]
Link [category=STRĄCZKOWE, link=/gorczyca-biala, name=GORCZYCA BIAŁA]
Link [category=STRĄCZKOWE, link=/gorczyca-czarna, name=GORCZYCA CZARNA]
Link [category=STRĄCZKOWE, link=/groch-luskany, name=Groch łuskany]
Link [category=STRĄCZKOWE, link=/groch-ziarno, name=Groch ziarno]
Link [category=STRĄCZKOWE, link=/groch-zielony, name=Groch zielony]
Link [category=STRĄCZKOWE, link=/mak-niebieski-premium, name=Mak niebieski Premium]
Link [category=STRĄCZKOWE, link=/nasiona-amarantusa-2, name=Nasiona amarantusa]
Link [category=STRĄCZKOWE, link=/nasiona-amarantusa-bio, name=Nasiona amarantusa BIO]
Link [category=STRĄCZKOWE, link=/nasiona-konopi-ziarno, name=Nasiona konopi ziarno]
Link [category=STRĄCZKOWE, link=/ostropest-plamisty, name=Ostropest plamisty]
Link [category=STRĄCZKOWE, link=/ostropest-plamisty-mielony, name=Ostropest plamisty mielony]
Link [category=STRĄCZKOWE, link=/proso, name=Proso]
Link [category=STRĄCZKOWE, link=/sezam-czarny, name=Sezam czarny]
Link [category=STRĄCZKOWE, link=/sezam-naturalny, name=Sezam naturalny]
Link [category=STRĄCZKOWE, link=/sezam-obluszczony-premium, name=Sezam obłuszczony PREMIUM]
Link [category=STRĄCZKOWE, link=/siemie-lniane, name=Siemię lniane]
Link [category=STRĄCZKOWE, link=/siemie-lniane-zlote, name=Siemię lniane ZŁOTE]
Link [category=STRĄCZKOWE, link=/siemie-mielone, name=Siemię mielone]
Link [category=STRĄCZKOWE, link=/slonecznik-czarny-drobny, name=Słonecznik czarny drobny]
Link [category=STRĄCZKOWE, link=/slonecznik-czarny-gruby, name=Słonecznik czarny gruby]
Link [category=STRĄCZKOWE, link=/slonecznik-luskany, name=Słonecznik łuskany]
Link [category=STRĄCZKOWE, link=/slonecznik-pasiak, name=Słonecznik pasiak]
Link [category=STRĄCZKOWE, link=/soczewica-czerwona, name=Soczewica czerwona]
Link [category=STRĄCZKOWE, link=/soczewica-zielona, name=Soczewica zielona]
Link [category=STRĄCZKOWE, link=/soczewica-zolta, name=Soczewica żółta]
Link [category=STRĄCZKOWE, link=/soja, name=Soja]
Link [category=STRĄCZKOWE, link=/szalwia-hiszpanska-chia, name=Szałwia hiszpańska (Chia)]
Link [category=STRĄCZKOWE, link=/ziarno-kakaowca-surowe-peru, name=ZIARNO KAKAOWCA SUROWE - PERU]
Link [category=STRĄCZKOWE, link=/ziarno-kakaowca-surowe-wybrzeze-kosci-sloniowej, name=ZIARNO KAKAOWCA SUROWE - WYBRZEŻE KOŚCI SŁONIOWEJ]
Link [category=STRĄCZKOWE, link=/ziarno-kukurydzy-popcorn, name=Ziarno kukurydzy (popcorn)]
Link [category=STRĄCZKOWE, link=/ziarno-kukurydzy-smazone-solone, name=Ziarno kukurydzy smażone solone]
Link [category=STRĄCZKOWE, link=/ziarno-orkiszu, name=Ziarno orkiszu]
Link [category=PRZYPRAWY, link=/anyz-gwiazdkowy, name=Anyż gwiazdkowy]
Link [category=PRZYPRAWY, link=/bazylia, name=Bazylia]
Link [category=PRZYPRAWY, link=/buraki-suszone-100g, name=Buraki suszone 100g]
Link [category=PRZYPRAWY, link=/cebula-smazona-200g, name=CEBULA SMAŻONA 200g]
Link [category=PRZYPRAWY, link=/cebula-smazona-500g, name=CEBULA SMAŻONA 500g]
Link [category=PRZYPRAWY, link=/chilli, name=Chilli]
Link [category=PRZYPRAWY, link=/cukier-wanilinowy, name=Cukier wanilinowy]
Link [category=PRZYPRAWY, link=/cynamon-laska-8cm, name=Cynamon laska 8cm]
Link [category=PRZYPRAWY, link=/cynamon-mielony, name=Cynamon mielony]
Link [category=PRZYPRAWY, link=/czarnuszka, name=Czarnuszka]
Link [category=PRZYPRAWY, link=/czaber, name=Cząber]
Link [category=PRZYPRAWY, link=/czosnek-granulowany, name=Czosnek granulowany]
Link [category=PRZYPRAWY, link=/czosnek-mielony, name=Czosnek mielony]
Link [category=PRZYPRAWY, link=/czosnek-suszony-platek, name=Czosnek suszony płatek]
Link [category=PRZYPRAWY, link=/czubryca-czerwona, name=Czubryca czerwona]
Link [category=PRZYPRAWY, link=/czubryca-zielona, name=Czubryca zielona]
Link [category=PRZYPRAWY, link=/czystek-susz, name=Czystek susz]
Link [category=PRZYPRAWY, link=/estragon, name=Estragon]
Link [category=PRZYPRAWY, link=/galka-muszkatolowa-cala, name=Gałka muszkatołowa cała]
Link [category=PRZYPRAWY, link=/galka-muszkatolowa-mielona, name=Gałka muszkatołowa mielona]
Link [category=PRZYPRAWY, link=/garam-masala, name=Garam Masala]
Link [category=PRZYPRAWY, link=/gozdziki-cale, name=Goździki całe]
Link [category=PRZYPRAWY, link=/gozdziki-mielone, name=Goździki mielone]
Link [category=PRZYPRAWY, link=/guarana-mielona-2, name=Guarana mielona]
Link [category=PRZYPRAWY, link=/hibiscus-hibiskus-platek, name=Hibiscus (hibiskus) płatek]
Link [category=PRZYPRAWY, link=/imbir-klacze, name=Imbir kłącze]
Link [category=PRZYPRAWY, link=/imbir-mielony, name=Imbir mielony ..]
Link [category=PRZYPRAWY, link=/jalowiec-mielony, name=Jałowiec mielony]
Link [category=PRZYPRAWY, link=/jalowiec-owoc, name=Jałowiec owoc]
Link [category=PRZYPRAWY, link=/kardamon-caly, name=Kardamon cały]
Link [category=PRZYPRAWY, link=/kardamon-mielony, name=Kardamon mielony]
Link [category=PRZYPRAWY, link=/karob, name=Karob]
Link [category=PRZYPRAWY, link=/kmin-rzymski-camun-caly, name=Kmin rzymski camun cały]
Link [category=PRZYPRAWY, link=/kmin-rzymski-camun-mielony, name=Kmin rzymski camun mielony]
Link [category=PRZYPRAWY, link=/kminek-mielony, name=Kminek mielony]
Link [category=PRZYPRAWY, link=/kminek-owoc-ziarno, name=Kminek owoc/ziarno]
Link [category=PRZYPRAWY, link=/kolendra-mielona, name=Kolendra mielona]
Link [category=PRZYPRAWY, link=/kolendra-owoc-ziarno, name=Kolendra owoc/ziarno]
Link [category=PRZYPRAWY, link=/koperek-suszony, name=Koperek suszony]
Link [category=PRZYPRAWY, link=/koperek-suszony-20g, name=Koperek suszony 20g]
Link [category=PRZYPRAWY, link=/kozieradka-cala, name=Kozieradka cała]
Link [category=PRZYPRAWY, link=/kozieradka-mielona, name=Kozieradka mielona]
Link [category=PRZYPRAWY, link=/kurkuma-mielona, name=Kurkuma mielona]
Link [category=PRZYPRAWY, link=/kwasek-cytrynowy, name=Kwasek cytrynowy]
Link [category=PRZYPRAWY, link=/lapacho, name=Lapacho]
Link [category=PRZYPRAWY, link=/laska-wanilii-indonezja, name=Laska wanilii. Indonezja]
Link [category=PRZYPRAWY, link=/laska-wanilii-madagaskar-bardzo-grube, name=Laska wanilii. Madagaskar bardzo grube]
Link [category=PRZYPRAWY, link=/lisc-laurowy, name=Liść laurowy]
Link [category=PRZYPRAWY, link=/lubczyk-ziele-nac, name=Lubczyk ziele (nać)]
Link [category=PRZYPRAWY, link=/majeranek, name=Majeranek]
Link [category=PRZYPRAWY, link=/melisa, name=Melisa]
Link [category=PRZYPRAWY, link=/mieta, name=Mięta]
Link [category=PRZYPRAWY, link=/oregano, name=Oregano]
Link [category=PRZYPRAWY, link=/ortorossa-50g, name=Ortorossa 50g]
Link [category=PRZYPRAWY, link=/papryka-czerwona-platki, name=Papryka czerwona płatki]
Link [category=PRZYPRAWY, link=/papryka-ostra, name=Papryka ostra]
Link [category=PRZYPRAWY, link=/papryka-slodka, name=Papryka słodka]
Link [category=PRZYPRAWY, link=/papryka-wedzona-ostra, name=Papryka wędzona ostra]
Link [category=PRZYPRAWY, link=/papryka-wedzona-slodka, name=Papryka wędzona słodka]
Link [category=PRZYPRAWY, link=/papryka-zielona-platki, name=Papryka zielona płatki]
Link [category=PRZYPRAWY, link=/pieprz-bialy-mielony, name=Pieprz biały mielony]
Link [category=PRZYPRAWY, link=/pieprz-bialy-ziarnisty, name=Pieprz biały ziarnisty]
Link [category=PRZYPRAWY, link=/pieprz-cayenne, name=Pieprz cayenne]
Link [category=PRZYPRAWY, link=/pieprz-cytrynowy, name=Pieprz cytrynowy]
Link [category=PRZYPRAWY, link=/pieprz-czarny-mielony, name=Pieprz czarny mielony]
Link [category=PRZYPRAWY, link=/pieprz-czarny-ziarno, name=Pieprz czarny ziarno]
Link [category=PRZYPRAWY, link=/pieprz-czerwony, name=Pieprz czerwony]
Link [category=PRZYPRAWY, link=/pieprz-kolorowy-ziarnisty, name=Pieprz kolorowy ziarnisty]
Link [category=PRZYPRAWY, link=/pieprz-zielony, name=Pieprz zielony]
Link [category=PRZYPRAWY, link=/pieprz-ziolowy, name=Pieprz ziołowy]
Link [category=PRZYPRAWY, link=/pietruszka-nac, name=Pietruszka nać]
Link [category=PRZYPRAWY, link=/pietruszka-suszona-15g, name=Pietruszka suszona 15g]
Link [category=PRZYPRAWY, link=/platki-rozy, name=Płatki róży]
Link [category=PRZYPRAWY, link=/pomidor-mielony, name=Pomidor mielony]
Link [category=PRZYPRAWY, link=/pomidory-suszone-plastry-bez-konserwantow-polskie, name=POMIDORY SUSZONE PLASTRY BEZ KONSERWANTÓW - POLSKIE]
Link [category=PRZYPRAWY, link=/pomidory-suszone-polowki, name=POMIDORY SUSZONE POŁÓWKI]
Link [category=PRZYPRAWY, link=/proszek-do-pieczenia, name=Proszek do pieczenia]
Link [category=PRZYPRAWY, link=/przyprawa-arabska, name=Przyprawa arabska]
Link [category=PRZYPRAWY, link=/przyprawa-barbecue, name=Przyprawa barbecue]
Link [category=PRZYPRAWY, link=/przyprawa-chinska, name=Przyprawa chińska]
Link [category=PRZYPRAWY, link=/przyprawa-curry, name=Przyprawa curry]
Link [category=PRZYPRAWY, link=/przyprawa-cyganska, name=Przyprawa cygańska]
Link [category=PRZYPRAWY, link=/przyprawa-do-bigosu, name=Przyprawa do bigosu]
Link [category=PRZYPRAWY, link=/przyprawa-do-drobiu, name=Przyprawa do drobiu]
Link [category=PRZYPRAWY, link=/przyprawa-do-flakow, name=Przyprawa do flaków]
Link [category=PRZYPRAWY, link=/przyprawa-do-grilla, name=Przyprawa do grilla]
Link [category=PRZYPRAWY, link=/przyprawa-do-gulaszu, name=Przyprawa do gulaszu]
Link [category=PRZYPRAWY, link=/przyprawa-do-gyrosa, name=Przyprawa do gyrosa]
Link [category=PRZYPRAWY, link=/przyprawa-do-kebabu, name=Przyprawa do kebabu]
Link [category=PRZYPRAWY, link=/przyprawa-do-kurczaka-zlocisty-kurczak, name=Przyprawa do kurczaka "Złocisty kurczak"]
Link [category=PRZYPRAWY, link=/przyprawa-do-kwaszenia-ogorkow-45g, name=Przyprawa do kwaszenia ogórków 45g]
Link [category=PRZYPRAWY, link=/przyprawa-do-miesa-mielonego-3, name=Przyprawa do mięsa mielonego]
Link [category=PRZYPRAWY, link=/przyprawa-do-miesa-pieczonego, name=Przyprawa do mięsa pieczonego]
Link [category=PRZYPRAWY, link=/przyprawa-do-pizzy, name=Przyprawa do pizzy]
Link [category=PRZYPRAWY, link=/przyprawa-do-ryb, name=Przyprawa do ryb]
Link [category=PRZYPRAWY, link=/przyprawa-do-shoarmy, name=Przyprawa do shoarmy]
Link [category=PRZYPRAWY, link=/wloszczyzna-suszona, name=Włoszczyzna suszona]
Link [category=PRZYPRAWY, link=/wloszczyzna-suszona-100g, name=Włoszczyzna suszona 100g]
Link [category=PRZYPRAWY, link=/ziele-angielskie, name=Ziele angielskie]
Link [category=PRZYPRAWY, link=/ziele-angielskie-mielone, name=Ziele angielskie mielone ..]
Link [category=PRZYPRAWY, link=/ziola-prowansalskie, name=Zioła prowansalskie]
Link [category=PRZYPRAWY, link=/zelatyna-spozywcza, name=Żelatyna spożywcza]
Link [category=PRZYPRAWY, link=/zen-szen-korzen-krojony, name=Żeń-szeń korzeń krojony]
Link [category=INNE, link=/agar-kokosowy-450g, name=AGAR kokosowy 450g]
Link [category=INNE, link=/agrest-w-czekoladzie, name=Agrest w czekoladzie]
Link [category=INNE, link=/amerykanska-zurawina-do-miesa-220g, name=Amerykańska żurawina do mięsa 220g]
Link [category=INNE, link=/anchois-filet-w-oliwie-80g, name=Anchois filet w oliwie 80g]
Link [category=INNE, link=/aronia-w-czekoladzie, name=Aronia w czekoladzie]
Link [category=INNE, link=/babka-jajowata, name=Babka jajowata]
Link [category=INNE, link=/babka-jajowata-nasiona-mielone, name=Babka jajowata nasiona mielone]
Link [category=INNE, link=/babka-plesznik, name=Babka płesznik]
Link [category=INNE, link=/bakaliowy-kuferek, name=BAKALIOWY KUFEREK]
Link [category=INNE, link=/banany-suszone-bez-cukru, name=Banany suszone bez cukru]
Link [category=INNE, link=/baton-aloha, name=Baton Aloha]
Link [category=INNE, link=/baton-kosmos, name=Baton Kosmos]
Link [category=INNE, link=/baton-lewy-sierpowy, name=Baton Lewy Sierpowy]
Link [category=INNE, link=/baton-petarda, name=Baton Petarda]
Link [category=INNE, link=/baton-urwis-bananowy, name=Baton urwis bananowy]
Link [category=INNE, link=/baton-urwis-jablkowy, name=Baton urwis jabłkowy]
Link [category=INNE, link=/batonik-bezglutenowy-bio-orzechowy-mix, name=Batonik bezglutenowy BIO Orzechowy Mix]
Link [category=INNE, link=/batonik-bezglutenowy-bio-orzeszki-ziemne, name=Batonik bezglutenowy BIO Orzeszki ziemne]
Link [category=INNE, link=/batonik-bezglutenowy-bio-pestki-dyni, name=Batonik bezglutenowy BIO Pestki dyni]
Link [category=INNE, link=/batonik-bezglutenowy-bio-sezamowy-mix, name=Batonik bezglutenowy BIO Sezamowy Mix]
Link [category=INNE, link=/bialy-ocet-winny-1000ml, name=BIAŁY OCET WINNY 1000ML]
Link [category=INNE, link=/canihua-bio-500-g, name=Canihua BIO 500 g]
Link [category=INNE, link=/canihua-puffed-dmuchana-bio-200-g, name=Canihua puffed (dmuchana) BIO 200 g]
Link [category=INNE, link=/chipsy-bananowe-ryflowane, name=Chipsy bananowe ryflowane]
Link [category=INNE, link=/chipsy-kokosowe-bio, name=Chipsy kokosowe BIO]
Link [category=INNE, link=/chipsy-krewetkowe-1kg, name=Chipsy krewetkowe 1kg]
Link [category=INNE, link=/chlebowiec-w-syropie, name=Chlebowiec w syropie]
Link [category=INNE, link=/chlorella-proszek, name=Chlorella proszek]
Link [category=INNE, link=/chlorella-tabletki, name=Chlorella tabletki]
Link [category=INNE, link=/cukier-kokosowy-palmowy, name=Cukier kokosowy palmowy]
Link [category=INNE, link=/cukier-palmowy-kostka-454g-tajlandia, name=CUKIER PALMOWY-KOSTKA 454g Tajlandia]
Link [category=INNE, link=/cukier-trzcinowy-fine, name=Cukier trzcinowy fine]
Link [category=INNE, link=/cukier-z-agawy-ekologiczny, name=Cukier z agawy ekologiczny]
Link [category=INNE, link=/czerwony-ocet-winny-1000ml, name=CZERWONY OCET WINNY 1000ML]
Link [category=INNE, link=/dzem-z-chilli-250g, name=Dżem z chilli 250g]
Link [category=INNE, link=/ekologiczny-olej-arganowy-100ml, name=Ekologiczny olej arganowy 100ml]
Link [category=INNE, link=/erytol, name=ERYTRYTOL]
Link [category=INNE, link=/filet-z-tunczyka-w-oliwie-z-oliwek-150g, name=Filet z tuńczyka w oliwie z oliwek 150g]
Link [category=INNE, link=/filet-z-tunczyka-w-puszce-100g, name=Filet z tuńczyka w puszce 100g]
Link [category=INNE, link=/filet-z-tunczyka-w-zalewie-150g, name=Filet z tuńczyka w zalewie 150g]
Link [category=INNE, link=/fruktoza-krystaliczna, name=Fruktoza krystaliczna]
Link [category=INNE, link=/grzyby-slomiane-cale, name=Grzyby słomiane całe]
Link [category=INNE, link=/herbata-50-twarzy-earl-greya, name=Herbata 50 TWARZY EARL GREYA]
Link [category=INNE, link=/herbata-afrodyta, name=Herbata AFRODYTA]
Link [category=INNE, link=/herbata-amarantowe-niebo, name=Herbata AMARANTOWE NIEBO]
Link [category=INNE, link=/herbata-ananasowa, name=Herbata ANANASOWA]
Link [category=INNE, link=/herbata-antonowka-owocowa, name=Herbata ANTONÓWKA OWOCOWA]
Link [category=INNE, link=/herbata-assam-gtgfop-1-dikom, name=Herbata ASSAM GTGFOP-1 DIKOM]
Link [category=INNE, link=/herbata-banana-island, name=Herbata BANANA ISLAND]
Link [category=INNE, link=/herbata-banananza, name=Herbata BANANANZA]
Link [category=INNE, link=/herbata-biale-zloto, name=Herbata BIAŁE ZŁOTO]
Link [category=INNE, link=/herbata-blue-bay, name=Herbata BLUE BAY]
Link [category=INNE, link=/herbata-braterski-sznapsik, name=Herbata BRATERSKI SZNAPSIK]
Link [category=INNE, link=/herbata-ceylon-op1-black-tea-standard, name=Herbata CEYLON OP1 - BLACK TEA STANDARD]
Link [category=INNE, link=/herbata-chata-z-piernika, name=Herbata CHATA Z PIERNIKA]
Link [category=INNE, link=/herbata-china-bancha-green-tea, name=Herbata CHINA BANCHA GREEN TEA]
Link [category=INNE, link=/herbata-china-black-ball-tea, name=Herbata CHINA BLACK BALL TEA]
Link [category=INNE, link=/herbata-china-chun-mee-moon-palace, name=Herbata CHINA CHUN MEE MOON PALACE]
Link [category=INNE, link=/herbata-china-gold-ingot, name=Herbata CHINA GOLD INGOT]
Link [category=INNE, link=/herbata-china-golden-monkey, name=Herbata CHINA GOLDEN MONKEY]
Link [category=INNE, link=/herbata-china-golden-screw-tippy, name=Herbata CHINA GOLDEN SCREW TIPPY]
Link [category=INNE, link=/herbata-china-green-calabash, name=Herbata CHINA GREEN CALABASH]
Link [category=INNE, link=/herbata-china-green-lilly-fairy, name=Herbata CHINA GREEN LILLY FAIRY]
Link [category=INNE, link=/herbata-china-green-needle-q-t, name=Herbata CHINA GREEN NEEDLE Q.T.]
Link [category=INNE, link=/herbata-china-gunpowder-temple-of-heaven-superior, name=Herbata CHINA GUNPOWDER "TEMPLE OF HEAVEN" SUPERIOR]
Link [category=INNE, link=/herbata-china-gyokuro-green-tea, name=Herbata CHINA GYOKURO GREEN TEA]
Link [category=INNE, link=/herbata-china-jasmin-green-tea, name=Herbata CHINA JASMIN GREEN TEA]
Link [category=INNE, link=/herbata-china-lapsang-souchong, name=Herbata CHINA LAPSANG SOUCHONG]
Link [category=INNE, link=/herbata-china-long-zhu-white, name=Herbata CHINA LONG ZHU WHITE]
Link [category=INNE, link=/herbata-china-lung-ching, name=Herbata CHINA LUNG CHING]
Link [category=INNE, link=/herbata-china-mao-feng-junn-tea, name=Herbata CHINA MAO FENG JUNN TEA]
Link [category=INNE, link=/herbata-china-oolong-tea, name=Herbata CHINA OOLONG TEA]
Link [category=INNE, link=/herbata-china-oriental-beauty, name=Herbata CHINA ORIENTAL BEAUTY]
Link [category=INNE, link=/herbata-china-pu-erh, name=Herbata CHINA PU-ERH]
Link [category=INNE, link=/herbata-china-red-mu-dan-tea, name=Herbata CHINA RED MU DAN TEA]
Link [category=INNE, link=/herbata-china-sencha, name=Herbata CHINA SENCHA]
Link [category=INNE, link=/herbata-china-special-green-needle, name=Herbata CHINA SPECIAL GREEN NEEDLE]
Link [category=INNE, link=/herbata-china-white-cui-min, name=Herbata CHINA WHITE CUI MIN]
Link [category=INNE, link=/herbata-china-white-monkey, name=Herbata CHINA WHITE MONKEY]
Link [category=INNE, link=/herbata-china-white-silver-needle, name=Herbata CHINA WHITE SILVER NEEDLE]
Link [category=INNE, link=/herbata-china-yunnan-black-op, name=Herbata CHINA YUNNAN BLACK OP]
Link [category=INNE, link=/herbata-china-yunnan-green-dynasty, name=Herbata CHINA YUNNAN GREEN DYNASTY]
Link [category=INNE, link=/herbata-cini-minis, name=Herbata CINI-MINIS]
Link [category=INNE, link=/herbata-citrus-grass, name=Herbata CITRUS GRASS]
Link [category=INNE, link=/herbata-copacabana, name=Herbata COPACABANA]
Link [category=INNE, link=/herbata-cream-strawberry, name=Herbata CREAM STRAWBERRY]
Link [category=INNE, link=/herbata-cytrus-mix, name=Herbata CYTRUS MIX]
Link [category=INNE, link=/herbata-cytrusowe-chilli, name=Herbata CYTRUSOWE CHILLI]
Link [category=INNE, link=/herbata-cytrusowy-imbir, name=Herbata CYTRUSOWY IMBIR]
Link [category=INNE, link=/herbata-cytryna-w-rumie, name=Herbata CYTRYNA W RUMIE]
Link [category=INNE, link=/herbata-czarna-granulowana, name=Herbata czarna granulowana]
Link [category=INNE, link=/herbata-czarna-porzeczka, name=Herbata CZARNA PORZECZKA]
Link [category=INNE, link=/herbata-czarna-roza, name=Herbata CZARNA RÓŻA]
Link [category=INNE, link=/herbata-czarna-wisnia, name=Herbata CZARNA WIŚNIA]
Link [category=INNE, link=/herbata-czerwony-grapefruit, name=Herbata CZERWONY GRAPEFRUIT]
Link [category=INNE, link=/herbata-darjeeling-first-flush-ftgfop-1, name=Herbata DARJEELING FIRST FLUSH FTGFOP-1]
Link [category=INNE, link=/syrop-z-wisni-280ml-bez-konserwantow, name=Syrop z wiśni 280ml - bez konserwantów]
Link [category=INNE, link=/sliwiec-slodko-kwasny-850g, name=Śliwiec słodko kwaśny 850g]
Link [category=INNE, link=/walizeczka-sosow-mama-africa-s-4x125-ml, name=WALIZECZKA SOSÓW MAMA AFRICA'S 4X125 ML]
Link [category=INNE, link=/wisnie-w-czekoladzie, name=Wiśnie w czekoladzie]
Link [category=INNE, link=/woda-kokosowa-270-ml, name=Woda kokosowa 270 ml]
Link [category=INNE, link=/woda-kokosowa-500-ml, name=Woda kokosowa 500 ml]
Link [category=INNE, link=/woreczki-doypack-110-65-185, name=WORECZKI DOYPACK 110/65/185]
Link [category=INNE, link=/woreczki-doypack-130-70-225, name=WORECZKI DOYPACK 130/70/225]
Link [category=INNE, link=/woreczki-doypack-160-80-270, name=WORECZKI DOYPACK 160/80/270]
Link [category=INNE, link=/woreczki-doypack-180-90-290, name=WORECZKI DOYPACK 180/90/290]
Link [category=INNE, link=/ziola-szwedzkie, name=Zioła szwedzkie]
Link [category=INNE, link=/zurawina-w-czekoladzie, name=Żurawina w czekoladzie]
